Date,Views,Likes,Comments,Shares,Subscribers,Category
2023-01-01,4730.7,291,54,18,28,Tutorial
2023-01-02,4899.0,391,73,24,50,Tutorial
2023-01-03,3111.0,248,46,15,81,Tutorial
2023-01-04,3304.0,264,49,16,107,Tech
2023-01-05,4235.0,338,63,21,127,Gaming
2023-01-06,3667.0,293,55,18,139,Tech
2023-01-07,4308.2,265,49,16,179,Vlog
2023-01-08,5014.1,308,57,19,197,Tech
2023-01-09,3145.0,251,47,15,243,Tech
2023-01-10,3151.0,252,47,15,261,Tech
2023-01-11,3187.0,254,47,15,281,Gaming
2023-01-12,1509.0,120,22,7,328,Gaming
2023-01-13,1583.0,126,23,7,339,Tutorial
2023-01-14,4479.8,275,51,17,364,Tech
2023-01-15,5482.1,337,63,21,408,Vlog
2023-01-16,3209.0,256,48,16,457,Tech
2023-01-17,2924.0,233,43,14,482,Tutorial
2023-01-18,4312.0,345,64,21,522,Tech
2023-01-19,4711.0,376,70,23,557,Vlog
2023-01-20,1056.0,84,15,5,604,Gaming
2023-01-21,3058.9,188,35,11,644,Tech
2023-01-22,1926.6000000000001,118,22,7,673,Gaming
2023-01-23,3304.0,264,49,16,699,Tutorial
2023-01-24,4983.0,398,74,24,735,Tutorial
2023-01-25,4908.0,392,73,24,764,Vlog
2023-01-26,4619.0,369,69,23,789,Tutorial
2023-01-27,4411.0,352,66,22,821,Vlog
2023-01-28,3087.5,190,35,11,860,Gaming
2023-01-29,3229.2000000000003,198,37,12,894,Vlog
2023-01-30,3287.0,263,49,16,925,Tech
2023-01-31,2329.0,186,34,11,967,Tech
2023-02-01,5272.0,421,79,26,1011,Tech
2023-02-02,1684.0,134,25,8,1029,Gaming
2023-02-03,3215.0,257,48,16,1047,Tutorial
2023-02-04,4968.6,305,57,19,1062,Gaming
2023-02-05,3835.0,236,44,14,1099,Gaming
2023-02-06,5106.0,408,76,25,1137,Tutorial
2023-02-07,4655.0,372,69,23,1166,Vlog
2023-02-08,4444.0,355,66,22,1198,Tech
2023-02-09,2252.0,180,33,11,1221,Gaming
2023-02-10,1837.0,147,27,9,1235,Tutorial
2023-02-11,6007.3,369,69,23,1249,Tutorial
2023-02-12,3324.1,204,38,12,1270,Gaming
2023-02-13,3322.0,265,49,16,1302,Tutorial
2023-02-14,1808.0,144,27,9,1323,Gaming
2023-02-15,4332.0,346,64,21,1359,Gaming
2023-02-16,1997.0,159,29,9,1396,Vlog
2023-02-17,2839.0,227,42,14,1419,Gaming
2023-02-18,7027.8,432,81,27,1437,Gaming
2023-02-19,3571.1,219,41,13,1473,Gaming
2023-02-20,2072.0,165,31,10,1520,Gaming
2023-02-21,3993.0,319,59,19,1553,Gaming
2023-02-22,2681.0,214,40,13,1572,Gaming
2023-02-23,2356.0,188,35,11,1602,Vlog
2023-02-24,4738.0,379,71,23,1615,Vlog
2023-02-25,2754.7000000000003,169,31,10,1634,Tech
2023-02-26,1840.8,113,21,7,1648,Gaming
2023-02-27,5315.0,425,79,26,1661,Tech
2023-02-28,3865.0,309,57,19,1672,Tech
2023-03-01,4065.0,325,60,20,1712,Vlog
2023-03-02,5072.0,405,76,25,1754,Gaming
2023-03-03,2536.0,202,38,12,1789,Vlog
2023-03-04,3426.8,210,39,13,1805,Tutorial
2023-03-05,3477.5,214,40,13,1834,Vlog
2023-03-06,4612.0,368,69,23,1854,Vlog
2023-03-07,4130.0,330,61,20,1866,Tutorial
2023-03-08,5295.0,423,79,26,1886,Tutorial
2023-03-09,1364.0,109,20,6,1915,Tutorial
2023-03-10,3539.0,283,53,17,1927,Tutorial
2023-03-11,2168.4,133,25,8,1956,Gaming
2023-03-12,3199.3,196,36,12,1992,Tech
2023-03-13,1406.0,112,21,7,2009,Vlog
2023-03-14,5461.0,436,81,27,2033,Tech
2023-03-15,1700.0,136,25,8,2051,Vlog
2023-03-16,2050.0,164,30,10,2072,Vlog
2023-03-17,4434.0,354,66,22,2104,Tutorial
2023-03-18,2061.8,126,23,7,2149,Tutorial
2023-03-19,3714.1,228,42,14,2176,Tech
2023-03-20,4754.0,380,71,23,2186,Gaming
2023-03-21,1879.0,150,28,9,2201,Tutorial
2023-03-22,3970.0,317,59,19,2216,Vlog
2023-03-23,1928.0,154,28,9,2233,Tech
2023-03-24,2472.0,197,37,12,2246,Gaming
2023-03-25,7196.8,442,83,27,2290,Gaming
2023-03-26,1535.3,94,17,5,2337,Vlog
2023-03-27,3614.0,289,54,18,2348,Vlog
2023-03-28,1738.0,139,26,8,2392,Tutorial
2023-03-29,5863.0,469,87,29,2405,Gaming
2023-03-30,3164.0,253,47,15,2438,Vlog
2023-03-31,2847.0,227,42,14,2486,Tutorial
2023-04-01,2678.0,164,30,10,2505,Gaming
2023-04-02,2419.3,148,27,9,2533,Tech
2023-04-03,4382.0,350,65,21,2544,Tutorial
2023-04-04,1388.0,111,20,6,2581,Vlog
2023-04-05,2725.0,218,40,13,2630,Gaming
2023-04-06,3580.0,286,53,17,2672,Gaming
2023-04-07,3456.0,276,51,17,2684,Tech
2023-04-08,6701.5,412,77,25,2725,Tech
2023-04-09,5324.8,327,61,20,2739,Tech
2023-04-10,4107.0,328,61,20,2760,Vlog
2023-04-11,2579.0,206,38,12,2775,Tech
2023-04-12,4723.0,377,70,23,2822,Tech
2023-04-13,3981.0,318,59,19,2853,Vlog
2023-04-14,1999.0,159,29,9,2869,Tutorial
2023-04-15,1908.4,117,22,7,2918,Vlog
2023-04-16,5709.6,351,65,21,2929,Tutorial
2023-04-17,2144.0,171,32,10,2972,Vlog
2023-04-18,3754.0,300,56,18,3014,Tutorial
2023-04-19,3370.0,269,50,16,3048,Gaming
2023-04-20,1654.0,132,24,8,3073,Vlog
2023-04-21,2284.0,182,34,11,3090,Gaming
2023-04-22,3311.1,203,38,12,3120,Tutorial
2023-04-23,3628.3,223,41,13,3160,Gaming
2023-04-24,4692.0,375,70,23,3181,Tutorial
2023-04-25,5111.0,408,76,25,3226,Vlog
2023-04-26,5830.0,466,87,29,3252,Gaming
2023-04-27,5863.0,469,87,29,3286,Vlog
2023-04-28,4920.0,393,73,24,3325,Tech
2023-04-29,3507.4,215,40,13,3341,Tech
2023-04-30,4638.400000000001,285,53,17,3368,Tech
2023-05-01,6070.0,485,91,30,3389,Vlog
2023-05-02,3853.0,308,57,19,3426,Tech
2023-05-03,1623.0,129,24,8,3454,Gaming
2023-05-04,3260.0,260,48,16,3499,Tutorial
2023-05-05,4310.0,344,64,21,3537,Tutorial
2023-05-06,1794.0,110,20,6,3578,Tutorial
2023-05-07,1866.8,114,21,7,3612,Gaming
2023-05-08,5934.0,474,89,29,3634,Vlog
2023-05-09,6040.0,483,90,30,3649,Tech
2023-05-10,5558.0,444,83,27,3664,Tutorial
2023-05-11,4820.0,385,72,24,3694,Tech
2023-05-12,2784.0,222,41,13,3738,Tutorial
2023-05-13,6325.8,389,72,24,3782,Tutorial
2023-05-14,3026.4,186,34,11,3812,Vlog
2023-05-15,6018.0,481,90,30,3846,Tutorial
2023-05-16,4564.0,365,68,22,3891,Tech
2023-05-17,3382.0,270,50,16,3936,Gaming
2023-05-18,3666.0,293,54,18,3978,Tech
2023-05-19,5162.0,412,77,25,3997,Tutorial
2023-05-20,3780.4,232,43,14,4010,Vlog
2023-05-21,3367.0,207,38,12,4052,Tech
2023-05-22,6226.0,498,93,31,4084,Tutorial
2023-05-23,3430.0,274,51,17,4131,Tutorial
2023-05-24,1744.0,139,26,8,4162,Tech
2023-05-25,2333.0,186,35,11,4199,Tech
2023-05-26,2653.0,212,39,13,4238,Gaming
2023-05-27,2555.8,157,29,9,4285,Tutorial
2023-05-28,3425.5,210,39,13,4333,Gaming
2023-05-29,2531.0,202,37,12,4370,Gaming
2023-05-30,5548.0,443,83,27,4381,Tech
2023-05-31,4157.0,332,62,20,4400,Vlog
2023-06-01,5940.0,475,89,29,4446,Gaming
2023-06-02,5906.0,472,88,29,4456,Tech
2023-06-03,7117.5,438,82,27,4481,Vlog
2023-06-04,6955.0,428,80,26,4526,Tech
2023-06-05,3570.0,285,53,17,4559,Vlog
2023-06-06,2520.0,201,37,12,4602,Tech
2023-06-07,3962.0,317,59,19,4637,Tech
2023-06-08,1552.0,124,23,7,4684,Tutorial
2023-06-09,6482.0,518,97,32,4726,Tech
2023-06-10,6081.400000000001,374,70,23,4768,Tech
2023-06-11,3851.9,237,44,14,4814,Vlog
2023-06-12,5403.0,432,81,27,4850,Tech
2023-06-13,3235.0,258,48,16,4894,Tech
2023-06-14,6484.0,518,97,32,4923,Tutorial
2023-06-15,4571.0,365,68,22,4971,Tutorial
2023-06-16,2916.0,233,43,14,5005,Gaming
2023-06-17,3816.8,234,44,14,5041,Gaming
2023-06-18,2083.9,128,24,8,5087,Tech
2023-06-19,4533.0,362,68,22,5117,Tech
2023-06-20,4060.0,324,60,20,5161,Gaming
2023-06-21,3867.0,309,58,19,5206,Gaming
2023-06-22,2329.0,186,34,11,5224,Gaming
2023-06-23,5852.0,468,87,29,5264,Tutorial
2023-06-24,7530.900000000001,463,86,28,5304,Tech
2023-06-25,3352.7000000000003,206,38,12,5316,Gaming
2023-06-26,2216.0,177,33,11,5362,Tech
2023-06-27,4091.0,327,61,20,5385,Vlog
2023-06-28,1413.0,113,21,7,5424,Vlog
2023-06-29,2936.0,234,44,14,5436,Tutorial
2023-06-30,5226.0,418,78,26,5468,Tutorial
2023-07-01,6571.5,404,75,25,5512,Vlog
2023-07-02,5331.3,328,61,20,5561,Tutorial
2023-07-03,2994.0,239,44,14,5597,Tutorial
2023-07-04,6398.0,511,95,31,5630,Tutorial
2023-07-05,2293.0,183,34,11,5668,Vlog
2023-07-06,4836.0,386,72,24,5715,Gaming
2023-07-07,5415.0,433,81,27,5762,Gaming
2023-07-08,7005.7,431,80,26,5791,Gaming
2023-07-09,4513.6,277,52,17,5819,Gaming
2023-07-10,3566.0,285,53,17,5838,Tech
2023-07-11,3595.0,287,53,17,5857,Gaming
2023-07-12,6577.0,526,98,32,5888,Gaming
2023-07-13,6020.0,481,90,30,5932,Tutorial
2023-07-14,6395.0,511,95,31,5973,Tutorial
2023-07-15,7590.7,467,87,29,5990,Gaming
2023-07-16,2483.0,152,28,9,6033,Gaming
2023-07-17,4911.0,392,73,24,6053,Tech
2023-07-18,2034.0,162,30,10,6087,Tutorial
2023-07-19,5893.0,471,88,29,6103,Gaming
2023-07-20,3328.0,266,49,16,6137,Tech
2023-07-21,6782.0,542,101,33,6172,Tutorial
2023-07-22,7199.400000000001,443,83,27,6199,Gaming
2023-07-23,3723.2000000000003,229,42,14,6216,Tech
2023-07-24,6071.0,485,91,30,6261,Vlog
2023-07-25,2167.0,173,32,10,6276,Gaming
2023-07-26,4081.0,326,61,20,6306,Vlog
2023-07-27,6615.0,529,99,33,6335,Gaming
2023-07-28,5202.0,416,78,26,6368,Tutorial
2023-07-29,2947.1,181,34,11,6400,Tutorial
2023-07-30,7281.3,448,84,28,6445,Tutorial
2023-07-31,4386.0,350,65,21,6463,Gaming
2023-08-01,2599.0,207,38,12,6503,Vlog
2023-08-02,4021.0,321,60,20,6525,Gaming
2023-08-03,6904.0,552,103,34,6572,Gaming
2023-08-04,2461.0,196,36,12,6588,Gaming
2023-08-05,2324.4,143,26,8,6598,Tutorial
2023-08-06,6867.900000000001,422,79,26,6608,Vlog
2023-08-07,7081.0,566,106,35,6650,Vlog
2023-08-08,6253.0,500,93,31,6683,Vlog
2023-08-09,3036.0,242,45,15,6702,Tech
2023-08-10,3300.0,264,49,16,6717,Vlog
2023-08-11,3018.0,241,45,15,6746,Vlog
2023-08-12,5829.2,358,67,22,6761,Tutorial
2023-08-13,3845.4,236,44,14,6803,Gaming
2023-08-14,6505.0,520,97,32,6842,Gaming
2023-08-15,6418.0,513,96,32,6859,Tech
2023-08-16,6554.0,524,98,32,6903,Tech
2023-08-17,3092.0,247,46,15,6926,Tech
2023-08-18,6614.0,529,99,33,6938,Tutorial
2023-08-19,2265.9,139,26,8,6957,Gaming
2023-08-20,5612.1,345,64,21,6979,Tutorial
2023-08-21,3752.0,300,56,18,7003,Gaming
2023-08-22,5298.0,423,79,26,7018,Tech
2023-08-23,4013.0,321,60,20,7057,Tutorial
2023-08-24,3972.0,317,59,19,7094,Gaming
2023-08-25,5471.0,437,82,27,7113,Gaming
2023-08-26,5379.400000000001,331,62,20,7143,Vlog
2023-08-27,2689.7000000000003,165,31,10,7181,Tech
2023-08-28,5627.0,450,84,28,7194,Tech
2023-08-29,3401.0,272,51,17,7218,Gaming
2023-08-30,1761.0,140,26,8,7233,Tech
2023-08-31,5048.0,403,75,25,7266,Tech
2023-09-01,6268.0,501,94,31,7285,Gaming
2023-09-02,6797.7,418,78,26,7330,Vlog
2023-09-03,7122.7,438,82,27,7359,Gaming
2023-09-04,5364.0,429,80,26,7397,Tech
2023-09-05,5504.0,440,82,27,7429,Vlog
2023-09-06,4039.0,323,60,20,7476,Vlog
2023-09-07,1910.0,152,28,9,7498,Vlog
2023-09-08,3987.0,318,59,19,7528,Tutorial
2023-09-09,5934.5,365,68,22,7546,Vlog
2023-09-10,4144.400000000001,255,47,15,7586,Tutorial
2023-09-11,4758.0,380,71,23,7631,Tech
2023-09-12,5597.0,447,83,27,7668,Gaming
2023-09-13,5836.0,466,87,29,7699,Tutorial
2023-09-14,5707.0,456,85,28,7721,Tech
2023-09-15,2698.0,215,40,13,7761,Tech
2023-09-16,9119.5,561,105,35,7774,Tech
2023-09-17,8118.5,499,93,31,7790,Tech
2023-09-18,6991.0,559,104,34,7815,Tech
2023-09-19,2226.0,178,33,11,7861,Vlog
2023-09-20,3258.0,260,48,16,7884,Gaming
2023-09-21,7584.0,606,113,37,7919,Tech
2023-09-22,6819.0,545,102,34,7929,Vlog
2023-09-23,5237.7,322,60,20,7960,Tech
2023-09-24,9127.300000000001,561,105,35,7998,Vlog
2023-09-25,7150.0,572,107,35,8008,Tutorial
2023-09-26,3298.0,263,49,16,8049,Gaming
2023-09-27,5742.0,459,86,28,8081,Tutorial
2023-09-28,7590.0,607,113,37,8093,Tutorial
2023-09-29,3499.0,279,52,17,8113,Vlog
2023-09-30,5907.2,363,68,22,8159,Tech
2023-10-01,3361.8,206,38,12,8189,Tutorial
2023-10-02,3074.0,245,46,15,8231,Vlog
2023-10-03,6416.0,513,96,32,8260,Vlog
2023-10-04,6334.0,506,95,31,8301,Gaming
2023-10-05,5864.0,469,87,29,8332,Gaming
2023-10-06,4660.0,372,69,23,8345,Tech
2023-10-07,9087.0,559,104,34,8370,Vlog
2023-10-08,2275.0,140,26,8,8380,Tutorial
2023-10-09,6445.0,515,96,32,8421,Gaming
2023-10-10,4236.0,338,63,21,8468,Tutorial
2023-10-11,5881.0,470,88,29,8486,Gaming
2023-10-12,7887.0,631,118,39,8530,Gaming
2023-10-13,3624.0,289,54,18,8562,Tutorial
2023-10-14,5103.8,314,58,19,8592,Tutorial
2023-10-15,10223.2,629,117,39,8623,Gaming
2023-10-16,2139.0,171,32,10,8660,Tech
2023-10-17,3366.0,269,50,16,8690,Gaming
2023-10-18,2187.0,175,32,10,8728,Tech
2023-10-19,6738.0,539,101,33,8747,Tutorial
2023-10-20,2793.0,223,41,13,8772,Gaming
2023-10-21,4239.3,260,48,16,8814,Gaming
2023-10-22,7254.0,446,83,27,8844,Tutorial
2023-10-23,6365.0,509,95,31,8873,Vlog
2023-10-24,4097.0,327,61,20,8891,Gaming
2023-10-25,7684.0,614,115,38,8922,Tutorial
2023-10-26,7829.0,626,117,39,8958,Vlog
2023-10-27,3209.0,256,48,16,8996,Tutorial
2023-10-28,4807.400000000001,295,55,18,9025,Vlog
2023-10-29,2978.3,183,34,11,9053,Vlog
2023-10-30,2320.0,185,34,11,9067,Gaming
2023-10-31,3423.0,273,51,17,9079,Gaming
2023-11-01,3921.0,313,58,19,9094,Vlog
2023-11-02,3365.0,269,50,16,9124,Tutorial
2023-11-03,5422.0,433,81,27,9152,Tech
2023-11-04,8513.7,523,98,32,9198,Tutorial
2023-11-05,6065.8,373,70,23,9208,Vlog
2023-11-06,2158.0,172,32,10,9234,Vlog
2023-11-07,2656.0,212,39,13,9249,Gaming
2023-11-08,3414.0,273,51,17,9280,Tutorial
2023-11-09,3633.0,290,54,18,9299,Gaming
2023-11-10,3256.0,260,48,16,9339,Vlog
2023-11-11,6292.0,387,72,24,9371,Tech
2023-11-12,7991.1,491,92,30,9407,Tech
2023-11-13,3397.0,271,50,16,9456,Vlog
2023-11-14,2761.0,220,41,13,9471,Tech
2023-11-15,5487.0,439,82,27,9488,Tutorial
2023-11-16,6515.0,521,97,32,9501,Tutorial
2023-11-17,6169.0,493,92,30,9520,Tech
2023-11-18,9019.4,555,104,34,9532,Vlog
2023-11-19,7842.900000000001,482,90,30,9544,Tutorial
2023-11-20,3443.0,275,51,17,9589,Vlog
2023-11-21,3548.0,283,53,17,9625,Tutorial
2023-11-22,7470.0,597,112,37,9649,Gaming
2023-11-23,5740.0,459,86,28,9677,Gaming
2023-11-24,6694.0,535,100,33,9717,Tech
2023-11-25,5283.2,325,60,20,9763,Tech
2023-11-26,7468.5,459,86,28,9800,Tutorial
2023-11-27,6616.0,529,99,33,9810,Vlog
2023-11-28,5932.0,474,88,29,9858,Gaming
2023-11-29,2260.0,180,33,11,9892,Tech
2023-11-30,2603.0,208,39,13,9908,Vlog
2023-12-01,2480.0,198,37,12,9918,Vlog
2023-12-02,4761.900000000001,293,54,18,9947,Vlog
2023-12-03,5242.900000000001,322,60,20,9963,Tutorial
2023-12-04,3053.0,244,45,15,9990,Vlog
2023-12-05,5883.0,470,88,29,10000,Gaming
2023-12-06,2962.0,236,44,14,10046,Gaming
2023-12-07,7501.0,600,112,37,10071,Vlog
2023-12-08,4020.0,321,60,20,10090,Gaming
2023-12-09,4482.400000000001,275,51,17,10138,Tutorial
2023-12-10,4806.1,295,55,18,10176,Vlog
2023-12-11,5907.0,472,88,29,10217,Vlog
2023-12-12,5653.0,452,84,28,10255,Gaming
2023-12-13,2087.0,166,31,10,10283,Tech
2023-12-14,4619.0,369,69,23,10303,Vlog
2023-12-15,2948.0,235,44,14,10326,Gaming
2023-12-16,7321.6,450,84,28,10337,Tech
2023-12-17,6275.1,386,72,24,10352,Tutorial
2023-12-18,4005.0,320,60,20,10367,Tech
2023-12-19,3406.0,272,51,17,10407,Tech
2023-12-20,7251.0,580,108,36,10446,Vlog
2023-12-21,1746.0,139,26,8,10479,Gaming
2023-12-22,3645.0,291,54,18,10506,Gaming
2023-12-23,2523.3,155,29,9,10539,Tech
2023-12-24,5705.7,351,65,21,10566,Tech
2023-12-25,5692.0,455,85,28,10597,Tech
2023-12-26,5532.0,442,82,27,10640,Tech
2023-12-27,8190.0,655,122,40,10682,Gaming
2023-12-28,6470.0,517,97,32,10702,Tech
2023-12-29,2966.0,237,44,14,10724,Tutorial
2023-12-30,4656.6,286,53,17,10734,Tutorial
2023-12-31,4409.6,271,50,16,10777,Tutorial
2024-01-01,2887.0,231,43,14,10800,Gaming
2024-01-02,6214.0,497,93,31,10845,Tech
2024-01-03,1801.0,144,27,9,10878,Tech
2024-01-04,8078.0,646,121,40,10917,Gaming
2024-01-05,4270.0,341,64,21,10956,Gaming
2024-01-06,10912.2,671,125,41,10992,Tech
2024-01-07,10991.5,676,126,42,11009,Tech
2024-01-08,7599.0,607,113,37,11055,Tutorial
2024-01-09,8040.0,643,120,40,11065,Tech
2024-01-10,2009.0,160,30,10,11082,Vlog
2024-01-11,7537.0,602,113,37,11095,Vlog
2024-01-12,3628.0,290,54,18,11137,Tutorial
2024-01-13,3681.6,226,42,14,11155,Tutorial
2024-01-14,4819.1,296,55,18,11175,Tech
2024-01-15,4905.0,392,73,24,11212,Vlog
2024-01-16,3401.0,272,51,17,11234,Tutorial
2024-01-17,4918.0,393,73,24,11283,Tutorial
2024-01-18,4210.0,336,63,21,11316,Tech
2024-01-19,7414.0,593,111,37,11344,Tutorial
2024-01-20,6064.5,373,69,23,11382,Gaming
2024-01-21,11117.6,684,128,42,11421,Vlog
2024-01-22,6042.0,483,90,30,11460,Vlog
2024-01-23,8236.0,658,123,41,11471,Tech
2024-01-24,4424.0,353,66,22,11497,Tech
2024-01-25,8868.0,709,133,44,11509,Tutorial
2024-01-26,3098.0,247,46,15,11558,Tech
2024-01-27,6409.0,394,73,24,11593,Gaming
2024-01-28,2398.5,147,27,9,11634,Tutorial
2024-01-29,4150.0,332,62,20,11646,Vlog
2024-01-30,3525.0,282,52,17,11690,Vlog
2024-01-31,3233.0,258,48,16,11722,Vlog
2024-02-01,6995.0,559,104,34,11765,Vlog
2024-02-02,7947.0,635,119,39,11798,Gaming
2024-02-03,4410.900000000001,271,50,16,11828,Gaming
2024-02-04,6732.7,414,77,25,11845,Vlog
2024-02-05,3769.0,301,56,18,11859,Tech
2024-02-06,5415.0,433,81,27,11891,Tech
2024-02-07,8094.0,647,121,40,11909,Vlog
2024-02-08,6193.0,495,92,30,11923,Gaming
2024-02-09,7635.0,610,114,38,11934,Tech
2024-02-10,4460.3,274,51,17,11977,Vlog
2024-02-11,9270.300000000001,570,106,35,12026,Gaming
2024-02-12,8751.0,700,131,43,12047,Vlog
2024-02-13,1948.0,155,29,9,12091,Vlog
2024-02-14,3141.0,251,47,15,12131,Tutorial
2024-02-15,6240.0,499,93,31,12163,Tutorial
2024-02-16,7614.0,609,114,38,12208,Tech
2024-02-17,7832.5,482,90,30,12243,Vlog
2024-02-18,7148.7,439,82,27,12286,Gaming
2024-02-19,4982.0,398,74,24,12300,Tech
2024-02-20,3716.0,297,55,18,12338,Gaming
2024-02-21,2238.0,179,33,11,12352,Gaming
2024-02-22,5622.0,449,84,28,12399,Vlog
2024-02-23,7244.0,579,108,36,12426,Tutorial
2024-02-24,7922.2,487,91,30,12472,Vlog
2024-02-25,6727.5,414,77,25,12491,Tech
2024-02-26,5457.0,436,81,27,12501,Gaming
2024-02-27,5044.0,403,75,25,12537,Gaming
2024-02-28,7577.0,606,113,37,12563,Vlog
2024-02-29,2443.0,195,36,12,12594,Gaming
2024-03-01,7699.0,615,115,38,12610,Gaming
2024-03-02,2953.6,181,34,11,12641,Tutorial
2024-03-03,3619.2000000000003,222,41,13,12690,Gaming
2024-03-04,9089.0,727,136,45,12729,Vlog
2024-03-05,5887.0,470,88,29,12763,Tech
2024-03-06,7765.0,621,116,38,12790,Gaming
2024-03-07,6118.0,489,91,30,12819,Tech
2024-03-08,5946.0,475,89,29,12863,Vlog
2024-03-09,8175.700000000001,503,94,31,12909,Gaming
2024-03-10,3177.2000000000003,195,36,12,12954,Tutorial
2024-03-11,3611.0,288,54,18,12965,Tutorial
2024-03-12,1983.0,158,29,9,12995,Tutorial
2024-03-13,2082.0,166,31,10,13035,Tech
2024-03-14,3760.0,300,56,18,13062,Tutorial
2024-03-15,3216.0,257,48,16,13081,Gaming
2024-03-16,9479.6,583,109,36,13093,Gaming
2024-03-17,2527.2000000000003,155,29,9,13105,Vlog
2024-03-18,4304.0,344,64,21,13118,Vlog
2024-03-19,3835.0,306,57,19,13144,Tech
2024-03-20,5289.0,423,79,26,13168,Vlog
2024-03-21,2316.0,185,34,11,13194,Vlog
2024-03-22,7796.0,623,116,38,13228,Tech
2024-03-23,8195.2,504,94,31,13259,Gaming
2024-03-24,7976.8,490,92,30,13271,Gaming
2024-03-25,9068.0,725,136,45,13316,Gaming
2024-03-26,2983.0,238,44,14,13341,Vlog
2024-03-27,5252.0,420,78,26,13374,Vlog
2024-03-28,4762.0,380,71,23,13385,Tech
2024-03-29,9478.0,758,142,47,13415,Gaming
2024-03-30,3318.9,204,38,12,13431,Tech
2024-03-31,7930.0,488,91,30,13453,Tech
2024-04-01,3273.0,261,49,16,13475,Tutorial
2024-04-02,2065.0,165,30,10,13520,Tech
2024-04-03,3954.0,316,59,19,13532,Gaming
2024-04-04,3087.0,247,46,15,13563,Tech
2024-04-05,5347.0,427,80,26,13601,Tutorial
2024-04-06,4030.0,248,46,15,13612,Tutorial
2024-04-07,10042.5,618,115,38,13640,Tech
2024-04-08,3453.0,276,51,17,13674,Vlog
2024-04-09,8557.0,684,128,42,13719,Tech
2024-04-10,2986.0,238,44,14,13742,Vlog
2024-04-11,9728.0,778,145,48,13773,Gaming
2024-04-12,9554.0,764,143,47,13787,Gaming
2024-04-13,6874.400000000001,423,79,26,13818,Vlog
2024-04-14,7550.400000000001,464,87,29,13839,Vlog
2024-04-15,4346.0,347,65,21,13861,Vlog
2024-04-16,2898.0,231,43,14,13877,Gaming
2024-04-17,7371.0,589,110,36,13909,Tutorial
2024-04-18,8181.0,654,122,40,13946,Tutorial
2024-04-19,6154.0,492,92,30,13975,Tech
2024-04-20,8725.6,537,100,33,13986,Vlog
2024-04-21,8125.0,500,93,31,14012,Tech
2024-04-22,7847.0,627,117,39,14059,Vlog
2024-04-23,6339.0,507,95,31,14072,Vlog
2024-04-24,4674.0,373,70,23,14118,Tutorial
2024-04-25,2649.0,211,39,13,14167,Gaming
2024-04-26,6350.0,508,95,31,14201,Gaming
2024-04-27,7909.2,486,91,30,14212,Tech
2024-04-28,7822.1,481,90,30,14231,Vlog
2024-04-29,4976.0,398,74,24,14258,Tutorial
2024-04-30,8369.0,669,125,41,14283,Tech
2024-05-01,6013.0,481,90,30,14321,Tutorial
2024-05-02,3877.0,310,58,19,14346,Tutorial
2024-05-03,6576.0,526,98,32,14385,Tutorial
2024-05-04,3528.2000000000003,217,40,13,14410,Gaming
2024-05-05,3729.7000000000003,229,43,14,14422,Tech
2024-05-06,2939.0,235,44,14,14444,Vlog
2024-05-07,6014.0,481,90,30,14474,Tutorial
2024-05-08,4831.0,386,72,24,14502,Vlog
2024-05-09,3659.0,292,54,18,14514,Gaming
2024-05-10,5436.0,434,81,27,14535,Vlog
2024-05-11,11922.300000000001,733,137,45,14574,Gaming
2024-05-12,6899.1,424,79,26,14616,Tutorial
2024-05-13,4704.0,376,70,23,14661,Vlog
2024-05-14,5355.0,428,80,26,14698,Tutorial
2024-05-15,7381.0,590,110,36,14714,Tutorial
2024-05-16,7979.0,638,119,39,14728,Vlog
2024-05-17,2569.0,205,38,12,14754,Tutorial
2024-05-18,8760.7,539,101,33,14773,Tech
2024-05-19,7048.6,433,81,27,14785,Tutorial
2024-05-20,8346.0,667,125,41,14822,Tutorial
2024-05-21,6082.0,486,91,30,14843,Tutorial
2024-05-22,7129.0,570,106,35,14861,Tech
2024-05-23,3227.0,258,48,16,14893,Tech
2024-05-24,4635.0,370,69,23,14925,Tutorial
2024-05-25,3321.5,204,38,12,14965,Tech
2024-05-26,3957.2000000000003,243,45,15,15000,Gaming
2024-05-27,8000.0,640,120,40,15026,Tech
2024-05-28,3779.0,302,56,18,15044,Vlog
2024-05-29,6162.0,492,92,30,15063,Tutorial
2024-05-30,4421.0,353,66,22,15100,Tutorial
2024-05-31,7655.0,612,114,38,15136,Vlog
2024-06-01,8873.800000000001,546,102,34,15175,Vlog
2024-06-02,3200.6,197,36,12,15205,Vlog
2024-06-03,7964.0,637,119,39,15247,Tutorial
2024-06-04,3694.0,295,55,18,15288,Tutorial
2024-06-05,7290.0,583,109,36,15319,Tutorial
2024-06-06,5254.0,420,78,26,15354,Tech
2024-06-07,5923.0,473,88,29,15397,Vlog
2024-06-08,7023.900000000001,432,81,27,15444,Tech
2024-06-09,6353.1,390,73,24,15475,Tutorial
2024-06-10,5980.0,478,89,29,15503,Vlog
2024-06-11,4140.0,331,62,20,15544,Vlog
2024-06-12,5452.0,436,81,27,15559,Tutorial
2024-06-13,3877.0,310,58,19,15573,Tutorial
2024-06-14,5408.0,432,81,27,15606,Vlog
2024-06-15,4006.6000000000004,246,46,15,15628,Tech
2024-06-16,13487.5,830,155,51,15664,Vlog
2024-06-17,9937.0,795,149,49,15687,Vlog
2024-06-18,6375.0,510,95,31,15726,Gaming
2024-06-19,9925.0,794,148,49,15744,Gaming
2024-06-20,9380.0,750,140,46,15762,Vlog
2024-06-21,2641.0,211,39,13,15802,Vlog
2024-06-22,11011.0,677,127,42,15819,Tutorial
2024-06-23,6172.400000000001,379,71,23,15833,Tech
2024-06-24,3305.0,264,49,16,15871,Tutorial
2024-06-25,9367.0,749,140,46,15888,Gaming
2024-06-26,8342.0,667,125,41,15915,Gaming
2024-06-27,6975.0,558,104,34,15962,Vlog
2024-06-28,7065.0,565,105,35,15986,Gaming
2024-06-29,11744.2,722,135,45,16025,Vlog
2024-06-30,11874.2,730,137,45,16044,Vlog
2024-07-01,5598.0,447,83,27,16079,Gaming
2024-07-02,2542.0,203,38,12,16123,Vlog
2024-07-03,4043.0,323,60,20,16147,Tech
2024-07-04,10635.0,850,159,53,16169,Gaming
2024-07-05,4842.0,387,72,24,16195,Vlog
2024-07-06,8434.4,519,97,32,16217,Tech
2024-07-07,10130.9,623,116,38,16258,Tutorial
2024-07-08,2474.0,197,37,12,16277,Gaming
2024-07-09,6517.0,521,97,32,16291,Tech
2024-07-10,6313.0,505,94,31,16307,Tech
2024-07-11,9987.0,798,149,49,16324,Tutorial
2024-07-12,5624.0,449,84,28,16364,Vlog
2024-07-13,3575.0,220,41,13,16390,Tutorial
2024-07-14,4529.2,278,52,17,16430,Tutorial
2024-07-15,9345.0,747,140,46,16458,Tech
2024-07-16,5087.0,406,76,25,16487,Gaming
2024-07-17,6047.0,483,90,30,16534,Vlog
2024-07-18,10291.0,823,154,51,16582,Tutorial
2024-07-19,7459.0,596,111,37,16622,Tutorial
2024-07-20,7287.8,448,84,28,16640,Vlog
2024-07-21,11378.9,700,131,43,16666,Tutorial
2024-07-22,10339.0,827,155,51,16692,Vlog
2024-07-23,5620.0,449,84,28,16729,Tutorial
2024-07-24,3914.0,313,58,19,16765,Vlog
2024-07-25,7682.0,614,115,38,16794,Vlog
2024-07-26,5842.0,467,87,29,16813,Tech
2024-07-27,8511.1,523,98,32,16826,Gaming
2024-07-28,14086.800000000001,866,162,54,16856,Vlog
2024-07-29,5089.0,407,76,25,16900,Tutorial
2024-07-30,6552.0,524,98,32,16935,Gaming
2024-07-31,5280.0,422,79,26,16965,Tech
2024-08-01,4699.0,375,70,23,17010,Gaming
2024-08-02,9928.0,794,148,49,17046,Tech
2024-08-03,12322.7,758,142,47,17062,Tutorial
2024-08-04,9785.1,602,112,37,17091,Gaming
2024-08-05,8129.0,650,121,40,17103,Vlog
2024-08-06,4066.0,325,60,20,17114,Gaming
2024-08-07,6296.0,503,94,31,17148,Tech
2024-08-08,9796.0,783,146,48,17185,Tech
2024-08-09,4077.0,326,61,20,17212,Tech
2024-08-10,12398.1,762,143,47,17232,Tech
2024-08-11,12883.0,792,148,49,17248,Tech
2024-08-12,5658.0,452,84,28,17281,Tech
2024-08-13,5979.0,478,89,29,17293,Vlog
2024-08-14,8793.0,703,131,43,17339,Tutorial
2024-08-15,8196.0,655,122,40,17379,Vlog
2024-08-16,2395.0,191,35,11,17423,Tutorial
2024-08-17,6416.8,394,74,24,17467,Vlog
2024-08-18,14116.7,868,162,54,17500,Tutorial
2024-08-19,6809.0,544,102,34,17528,Vlog
2024-08-20,9971.0,797,149,49,17546,Tech
2024-08-21,9980.0,798,149,49,17562,Gaming
2024-08-22,10768.0,861,161,53,17607,Tutorial
2024-08-23,5912.0,473,88,29,17635,Tutorial
2024-08-24,4828.2,297,55,18,17650,Tech
2024-08-25,6035.900000000001,371,69,23,17699,Tech
2024-08-26,6202.0,496,93,31,17745,Vlog
2024-08-27,5822.0,465,87,29,17787,Tutorial
2024-08-28,2478.0,198,37,12,17814,Vlog
2024-08-29,3482.0,278,52,17,17830,Gaming
2024-08-30,9818.0,785,147,49,17858,Tech
2024-08-31,11221.6,690,129,43,17874,Tutorial
2024-09-01,5791.5,356,66,22,17894,Gaming
2024-09-02,3003.0,240,45,15,17916,Tutorial
2024-09-03,4411.0,352,66,22,17944,Tech
2024-09-04,11138.0,891,167,55,17974,Tutorial
2024-09-05,2311.0,184,34,11,18011,Gaming
2024-09-06,6081.0,486,91,30,18058,Vlog
2024-09-07,9734.4,599,112,37,18068,Tutorial
2024-09-08,11468.6,705,132,44,18110,Tech
2024-09-09,11107.0,888,166,55,18157,Tech
2024-09-10,3205.0,256,48,16,18189,Tutorial
2024-09-11,9080.0,726,136,45,18214,Tutorial
2024-09-12,7326.0,586,109,36,18242,Tech
2024-09-13,8924.0,713,133,44,18278,Vlog
2024-09-14,6988.8,430,80,26,18296,Tech
2024-09-15,11684.4,719,134,44,18312,Tutorial
2024-09-16,6880.0,550,103,34,18345,Vlog
2024-09-17,9226.0,738,138,46,18372,Vlog
2024-09-18,2354.0,188,35,11,18394,Tutorial
2024-09-19,5629.0,450,84,28,18418,Vlog
2024-09-20,5103.0,408,76,25,18465,Gaming
2024-09-21,7798.7,479,89,29,18506,Vlog
2024-09-22,12581.4,774,145,48,18519,Gaming
2024-09-23,8749.0,699,131,43,18532,Vlog
2024-09-24,2772.0,221,41,13,18568,Gaming
2024-09-25,7502.0,600,112,37,18593,Tech
2024-09-26,2717.0,217,40,13,18631,Vlog
2024-09-27,9949.0,795,149,49,18658,Tutorial
2024-09-28,4293.900000000001,264,49,16,18670,Tutorial
2024-09-29,13310.7,819,153,51,18686,Vlog
2024-09-30,7304.0,584,109,36,18710,Gaming
2024-10-01,6830.0,546,102,34,18742,Gaming
2024-10-02,5201.0,416,78,26,18752,Tech
2024-10-03,4701.0,376,70,23,18763,Vlog
2024-10-04,4531.0,362,67,22,18802,Tutorial
2024-10-05,11378.9,700,131,43,18827,Gaming
2024-10-06,6756.1,415,77,25,18872,Vlog
2024-10-07,4022.0,321,60,20,18885,Tech
2024-10-08,10284.0,822,154,51,18926,Tech
2024-10-09,5541.0,443,83,27,18960,Gaming
2024-10-10,5082.0,406,76,25,19004,Tutorial
2024-10-11,8984.0,718,134,44,19040,Tutorial
2024-10-12,3390.4,208,39,13,19062,Vlog
2024-10-13,15030.6,924,173,57,19099,Tutorial
2024-10-14,6707.0,536,100,33,19120,Tech
2024-10-15,5044.0,403,75,25,19150,Vlog
2024-10-16,7357.0,588,110,36,19190,Tutorial
2024-10-17,5236.0,418,78,26,19236,Tutorial
2024-10-18,10229.0,818,153,51,19275,Gaming
2024-10-19,12444.9,765,143,47,19292,Tutorial
2024-10-20,6545.5,402,75,25,19340,Vlog
2024-10-21,10181.0,814,152,50,19363,Gaming
2024-10-22,10188.0,815,152,50,19389,Tutorial
2024-10-23,6805.0,544,102,34,19419,Vlog
2024-10-24,4843.0,387,72,24,19432,Tech
2024-10-25,5123.0,409,76,25,19445,Tech
2024-10-26,6693.7,411,77,25,19465,Vlog
2024-10-27,11410.1,702,131,43,19486,Tutorial
2024-10-28,2745.0,219,41,13,19508,Tech
2024-10-29,10266.0,821,154,51,19554,Tutorial
2024-10-30,9694.0,775,145,48,19589,Gaming
2024-10-31,7363.0,589,110,36,19622,Gaming
2024-11-01,11750.0,940,176,58,19645,Tech
2024-11-02,10779.6,663,124,41,19674,Tutorial
2024-11-03,3400.8,209,39,13,19721,Gaming
2024-11-04,10067.0,805,151,50,19736,Gaming
2024-11-05,3806.0,304,57,19,19766,Tutorial
2024-11-06,2952.0,236,44,14,19781,Vlog
2024-11-07,4792.0,383,71,23,19816,Tutorial
2024-11-08,4045.0,323,60,20,19853,Tech
2024-11-09,4964.7,305,57,19,19878,Vlog
2024-11-10,7332.0,451,84,28,19899,Vlog
2024-11-11,3797.0,303,56,18,19927,Tutorial
2024-11-12,5657.0,452,84,28,19943,Vlog
2024-11-13,9951.0,796,149,49,19957,Gaming
2024-11-14,3838.0,307,57,19,19991,Tech
2024-11-15,4216.0,337,63,21,20010,Tech
2024-11-16,3238.3,199,37,12,20034,Tech
2024-11-17,11109.800000000001,683,128,42,20076,Gaming
2024-11-18,3689.0,295,55,18,20115,Gaming
2024-11-19,5162.0,413,77,25,20145,Tutorial
2024-11-20,5715.0,457,85,28,20190,Vlog
2024-11-21,9915.0,793,148,49,20228,Tutorial
2024-11-22,5282.0,422,79,26,20275,Vlog
2024-11-23,3510.0,216,40,13,20299,Tech
2024-11-24,5595.2,344,64,21,20317,Vlog
2024-11-25,4493.0,359,67,22,20356,Tutorial
2024-11-26,8214.0,657,123,41,20386,Tech
2024-11-27,9854.0,788,147,49,20412,Vlog
2024-11-28,4168.0,333,62,20,20448,Vlog
2024-11-29,7516.0,601,112,37,20475,Tech
2024-11-30,15046.2,925,173,57,20494,Tech
2024-12-01,3905.2000000000003,240,45,15,20539,Tutorial
2024-12-02,6694.0,535,100,33,20553,Tutorial
2024-12-03,4313.0,345,64,21,20585,Tutorial
2024-12-04,7871.0,629,118,39,20605,Tutorial
2024-12-05,2512.0,201,37,12,20615,Gaming
2024-12-06,8371.0,669,125,41,20641,Tutorial
2024-12-07,3768.7000000000003,231,43,14,20670,Tutorial
2024-12-08,8738.6,537,100,33,20713,Tech
2024-12-09,7656.0,612,114,38,20735,Tech
2024-12-10,6483.0,518,97,32,20764,Vlog
2024-12-11,7084.0,566,106,35,20800,Gaming
2024-12-12,3752.0,300,56,18,20820,Gaming
2024-12-13,8677.0,694,130,43,20855,Vlog
2024-12-14,5079.1,312,58,19,20893,Gaming
2024-12-15,11217.7,690,129,43,20903,Vlog
2024-12-16,5918.0,473,88,29,20913,Tech
2024-12-17,8725.0,698,130,43,20961,Tech
2024-12-18,4934.0,394,74,24,21005,Tutorial
2024-12-19,8332.0,666,124,41,21033,Vlog
2024-12-20,7915.0,633,118,39,21056,Gaming
2024-12-21,12205.7,751,140,46,21068,Tutorial
2024-12-22,7673.900000000001,472,88,29,21090,Tech
2024-12-23,4895.0,391,73,24,21108,Tutorial
2024-12-24,6467.0,517,97,32,21127,Vlog
2024-12-25,7764.0,621,116,38,21161,Gaming
2024-12-26,10628.0,850,159,53,21175,Vlog
2024-12-27,4290.0,343,64,21,21193,Tech
2024-12-28,14209.0,874,163,54,21203,Vlog
2024-12-29,11294.4,695,130,43,21215,Vlog
2024-12-30,4598.0,367,68,22,21249,Tutorial
2024-12-31,10172.0,813,152,50,21296,Vlog
